ad_group,final_url,path1,path2,headline_1,headline_2,headline_3,headline_4,headline_5,headline_6,headline_7,headline_8,headline_9,headline_10,headline_11,headline_12,headline_13,headline_14,headline_15,description_1,description_2,description_3,description_4
Prova — amassado pré-existente,https://danosaparentes.com.br/blog/como-provar-amassado-pre-existente-locacao,amassado-preexi,gratis,Prove o amassado na entrada,Amassado já existia? Prove,"Laudo com foto, GPS e hash",Fim da palavra contra palavra,Vistoria digital pra locadora,PDF pronto no WhatsApp,7 dias grátis pra testar,Marque avaria no diagrama,Cobrança com prova real,Danos Aparentes — Pro,Sem papel na devolução,Assinatura na tela do cliente,Hash anti-adulteração,Comece grátis agora,Locadora sem prejuízo,"Registre amassado na retirada com foto, GPS e hash. PDF no WhatsApp. 7 dias grátis.",Pare de perder cobrança por falta de prova. Laudo digital com QR Code. Teste grátis.,"Diagrama + foto + assinatura no celular. Offline no pátio. Plano Pro R$49,90/mês.",Laudo white-label da sua locadora. Prove avaria pré-existente sem discussão.
Dor→Prova — cobrança na devolução,https://danosaparentes.com.br/blog/cobranca-avaria-devolucao-locadora,cobranca-devolu,gratis,Cobre avaria sem perder,Retirada × devolução iguais,Cobrança com laudo digital,Cliente nega? Mostre o PDF,Padrão único no pátio,Assinatura + QR no laudo,White-label da locadora,PDF direto no WhatsApp,Pare de perder no balcão,Vistoria que sustenta cobrança,7 dias grátis — teste,Danos Aparentes Pro,Menos disputa na devolução,Laudo pronto em minutos,Comece grátis hoje,Compare retirada e devolução no mesmo padrão. Laudo assinável com QR/hash. 7 dias grátis.,"Cobrança fraca acaba com prova. Diagrama, foto e PDF no WhatsApp com sua marca.","Padronize o pátio e sustente a cobrança. Plano Pro R$49,90/mês, vistorias ilimitadas.",Cliente nega o dano? Abra o laudo com assinatura e hash. Teste grátis agora.
Dor — vistoria antes do orçamento,https://danosaparentes.com.br/blog/vistoria-antes-do-orcamento-oficina,oficina-orcamen,gratis,Vistoria antes do orçamento,Evite briga na entrega,Foto solta não prova nada,Registre o carro na entrada,Laudo pra oficina,Aceite do cliente na tela,Diagrama + foto + PDF,Orçamento sem contestação,Oficina mais profissional,7 dias grátis pra testar,Danos Aparentes,Pare o “não era assim”,Laudo no WhatsApp,Comece grátis agora,Entrada documentada,Registre o estado do carro na entrada com diagrama e foto. Aceite na tela. 7 dias grátis.,Cliente diz que “não era assim”? Tenha laudo da entrada. Teste o Danos Aparentes.,"Troque foto solta no WhatsApp por laudo profissional. Plano Pro R$49,90/mês.",Vistoria de entrada antes do orçamento. Menos briga na entrega. Comece grátis.
Desejo — consulta automática de placa,https://danosaparentes.com.br/blog/consulta-automatica-de-placa,consulta-placa,gratis,Digite a placa. Pronto.,Marca e modelo automáticos,Sem digitar tudo na mão,Consulta de placa no laudo,Vistoria mais rápida,Autofill de veículo,Menos erro de digitação,7 dias grátis — teste,Danos Aparentes Pro,Placa → dados preenchidos,Ganhe tempo no pátio,Comece grátis hoje,Checklist sem redigitar,Cor e cidade no autofill,"R$49,90 vistorias ilimitadas","Digite a placa e marque, modelo, cor e cidade se preenchem. Menos erro, mais velocidade.",Pare de digitar dados do veículo um a um. Consulta de placa no Pro. 7 dias grátis.,"Autofill de placa no laudo digital. Offline no pátio, sync depois. Teste grátis.","Vistoria mais rápida com consulta de placa. Plano Pro R$49,90/mês."
Prova — avarias preexistentes,https://danosaparentes.com.br/blog/avarias-preexistentes-como-provar,avarias-preexis,gratis,Prove a avaria preexistente,Dano já estava no carro,Registro claro e comparável,Laudo incontestável,Foto + diagrama + hash,Fim do prejuízo oculto,Prova que fecha discussão,7 dias grátis pra testar,Danos Aparentes,Vistoria que prova o dano,PDF com QR de validação,Comece grátis agora,Locadora sem prejuízo,Assinatura do cliente,Histórico auditável,"Registre avarias preexistentes com foto, diagrama e hash. Prova clara na disputa.",Cliente diz que o risco já existia? Só a prova encerra. Teste 7 dias grátis.,"Laudo comparável e assinável. Plano Pro R$49,90/mês com vistorias ilimitadas.",Pare de absorver dano alheio. Documente preexistente no celular. Comece grátis.
Desejo — vistoria sem papel,https://danosaparentes.com.br/blog/vistoria-sem-papel,sem-papel,gratis,Vistoria sem prancheta,Saia do papel molhado,Laudo digital no celular,Fotos + assinatura + PDF,Sem carbonada no pátio,Checklist 100% digital,Offline e sync depois,7 dias grátis — teste,Danos Aparentes Pro,Menos retrabalho,PDF na hora,Comece grátis hoje,Adeus planilha solta,Pátio sem papel,"R$49,90/mês ilimitado",Troque prancheta e carbonada por laudo digital com fotos e assinatura. 7 dias grátis.,Papel atrasa e perde informação. Fluxo digital no celular — offline no pátio.,"Checklist, fotos, assinatura e PDF no mesmo fluxo. Plano Pro R$49,90/mês.",Migração sem drama: vistoria sem papel com Danos Aparentes. Comece grátis.
Prova — QR Code e hash,https://danosaparentes.com.br/blog/qr-code-e-hash-no-laudo-de-avarias,qr-hash,gratis,Laudo com QR e hash,Valide o PDF original,Anti-adulteração no laudo,Hash SHA-256 no PDF,Mais validade no laudo,Consulte o original,Prova que não altera,7 dias grátis pra testar,Danos Aparentes,QR Code no laudo,Segurança no PDF,Comece grátis agora,Laudo auditável,Confiança na cobrança,Assinatura + hash,Cada laudo sai com QR Code e hash pra consultar o original e detectar alteração.,Reforce a validade do laudo de avarias. Teste 7 dias grátis no Danos Aparentes.,"PDF com impressão digital única. Ideal pra sinistro, perito e cobrança.","QR + hash + assinatura na tela. Plano Pro R$49,90/mês."
Desejo — controle de frota,https://danosaparentes.com.br/blog/controle-avarias-frota-entrada-saida,frota-entrada-s,gratis,Controle avarias na frota,Entrada e saída auditáveis,Fim da briga interna,Histórico da frota,Laudo white-label,Padrão único pra equipe,Visão do mês pro gestor,7 dias grátis — teste,Danos Aparentes,Menos sinistro interno,Saída documentada,Comece grátis hoje,Frota sem planilha caótica,Assinatura do motorista,Corporativo sob medida,Registre saída e entrada no mesmo padrão. Histórico auditável da frota. 7 dias grátis.,Menos disputa motorista × oficina. Laudo white-label da empresa. Teste grátis.,Visão clara de avarias no mês. Plano Pro ou Corporativo pra equipes.,"Controle de frota com laudo digital. Offline no pátio, sync depois. Comece grátis."
Oferta — Plano Pro,https://danosaparentes.com.br/planos,oferta-pro,gratis,Vistoria veicular digital,7 dias grátis — sem cartão,Laudo PDF com hash e QR,"Pro por R$49,90/mês",Vistorias ilimitadas,Funciona 100% offline,Consulta de placa inclusa,Logo da empresa no PDF,Assinatura na tela,Danos Aparentes,Comece grátis agora,PDF no WhatsApp,Diagrama SVG clicável,Menos retrabalho no pátio,Teste o plano Pro,"Marque avarias no diagrama, tire fotos com GPS e gere PDF com hash e QR. 7 dias grátis.","Plano Pro R$49,90/mês com vistorias ilimitadas. Offline no pátio. Sem cartão no trial.","Laudo white-label, consulta de placa e assinatura digital. Comece grátis hoje.",Troque a prancheta pelo celular. Danos Aparentes — teste 7 dias grátis.
