nome,email,localizacao,categoria,site,telefone
Auto Mecânica Mário,mecmario.blu@gmail.com,SC,oficina/auto,,+55 47 3323-4511
Hoss Radiadores,radiadoreshoss@hotmail.com,"Rua Washington Luís, 520 - SC",oficina/auto,,+55 49 3322 6369
Auto Elétrica Pedrinho,pedro_paulo_paz@hotmail.com,"Rua Padre Diogo Antônio Feijó, 200 - SC",oficina/auto,,+55 49 3328 4334
Auto Mecânica e Elétrica JC,contato@automecanicajc.com.br,SC,oficina/auto,https://www.automecanicajc.com.br,+55 47 3323-3421
Finder Auto Center,contato@finderautocenter.com.br,"Rua Ibirama, 21 - SC",oficina/auto,https://www.finderautocenter.com.br,+55 47 3472-1000
Center Car Ingleses,atendimento@centercaringleses.com.br,"Rua Intendente João Nunes Vieira, 512 - SC",oficina/auto,http://centercaringleses.com.br,+55 48 3369-1943
Celmak Auto Center,celmak@celmak.com.br,SC,oficina/auto,https://celmak.com.br,+55 47 3387-2328
Garanzia Auto Center,garanziaautocenter@outlook.com,"Servidão Ferdinando Ricieri Tussetti, 4 - SC",oficina/auto,,+55 49 3025 2750
Auto Capa Oliveira,contato@autocapaoliveira.com.br,SC,oficina/auto,http://www.autocapaoliveira.com.br,"+55 47 3322-3873;+55 47 3222-0212"
Auto Elétrica Kuri,eletricakuri@gmail.com,SC,oficina/auto,,+55 47 3387-2432
MC Implementos Rodoviários,ncimplementos@ncimplementos.com.br,SC,oficina/auto,https://www.ncimplementos.com.br,+55 47 3521-7107
Auto Mecânica Brasil,contato@automecanicabrasil.com.br,SC,oficina/auto,https://www.automecanicabrasil.com.br,+55 47 3327-2931
Auto Mecânica Lamin,automecanicalamin@outlook.com,"Rua Aracuã, 93 - SC",oficina/auto,https://auto-mecanica-lamin.negocio.site/,+55 47 3473 5106
Claus Mecânica Pesada,contato@mecanicaclaus.com.br,"Rua Arthur Witthoft, 100 - SC",oficina/auto,https://www.mecanicaclaus.com.br/,+55 47 3370-4100
Alfa Auto Mecânica,alfaautomecanica@hotmail.com,SC,oficina/auto,,"+55 47 3387-0087;+55 47 99153-2766"
BMS Performance,contato@bmsperformance.com.br,"Rua Tijucas, 1313 - SC",oficina/auto,https://www.bmsperformance.com.br/,+55 48 3771-5520
HG Diesel,vendas@hgdiesel.com.br,SC,oficina/auto,https://hgdiesel.com.br,"+55 47 3338-1322;+55 47 3338-4033"
Auto Elétrica Celso,autoeletricacelso@gmail.com,SC,oficina/auto,,+55 47 3306-6279
Kraft Auto Socorro,autosocorro2k@hotmail.com,SC,oficina/auto,,+55 47 3395-1666
Maquinária,maquinaria@maquinaria.com.br,SC,oficina/auto,,+55 47 3041-6610
Goll Oficina Mecânica,contato@retificagoll.com.br,"Rua Oscar Holz, 808 - SC",oficina/auto,https://retificagoll.com.br,"+55 47 3334-3835;+55 47 99912-8514"
Reinicke Oficina Mecânica,oficinareinicke@gmail.com,SC,oficina/auto,,+55 47 3387-0831
Ducar Imports,eduardo@ducarimports.com.br,SC,oficina/auto,https://ducarimports.com.br,+55 47 3037-1999
JD Auto Center,contato@jdautocenter.com.br,"Rua Doutor Pedro Zimmermann, 8090 - SC",oficina/auto,,+55 47 3338-0551
Auto Latoaria Wollick,wautolatoaria@yahoo.com.br,"Rua Ernst Klemann, 45 - SC",oficina/auto,,"+55 47 3387-0960;+55 47 99991-6192"
JR Mecânica e Elétrica,mecanica.jr@terra.com.br,"Rua Rodeio, 153 - SC",oficina/auto,,"+55 47 3326-4264;+55 47 3322-2786"
Multielétrica Automotiva,mutieletrica@gmail.com,"Rua Brusque, 220 - SC",oficina/auto,,+55 47 3333-1204
Naza Automotive Services,contato@nazaauto.com.br,"Rua das Missões, 1075 - SC",oficina/auto,http://nazaauto.com.br/,+55 47 3327-6802
Oficina Testo Central,oficinat.bnu@terra.com.br,SC,oficina/auto,,+55 47 3387-6188
ESS Car Service,ed_1647@yahoo.com.br,"Rua Camboriú, 93 - SC",oficina/auto,,+55 47 3042-0642
Retífica Excelsior,retificaexcelsior@gmail.com,"Rua Sorocaba, 87 - SC",oficina/auto,https://retificare.com.br,+55 47 3340-2519
SS Suspensões,contato@sssuspensoes.com,"Rua Santa Efigênia, 58 - SC",oficina/auto,,+55 47 3209-2111
Marchetti Truck Center,blumenau@grupomarchetti.com,"Rodovia BR-470, 2685 - SC",oficina/auto,https://www.grupomarchetti.com,+55 47 3338-3444
Eurocar,contato@eurocarblu.com.br,"Rua 2 de Setembro, 1211 - SC",oficina/auto,http://www.eurocarblu.com.br/,+55 47 3323-9010
Seven Car Centro Automotivo,contato@sevencarcentroautomotivo.com.br,"Rua 7 de Setembro, 2323 - SC",oficina/auto,https://sevencarcentroautomotivo.com.br,+55 47 3513-3913
LS Motor Home Trailer,lsmotorhome@hotmail.com,Rua Rosa - SC,oficina/auto,,
MDC Mecanica,mecanicachapeco.adm@gmail.com,Rodovia Eugênio Raulino Koerich - SC,oficina/auto,,+55 48 3247 1134
Auto Mecânica Tecno Car,jefersontecnocar@hotmail.com,Rua Evilásio Justino Ramos - Barra Velha - SC,oficina/auto,,+55 47 99155-4339
Blu Caps,atendimento@blucaps.com.br,"Rua das Missões, 259 - Blumenau - SC",oficina/auto,https://blucaps.com.br,+55 47 3037-5953
Acessórios SB,contato@acessoriossb.com.br,"Rua Ari Barroso, 640 - Blumenau - SC",oficina/auto,http://acessoriossb.com.br,+55 47 3338-0001
EPR Centro Automotivo - oficina e elétrica automotiva - mecânica,eprcentroautomotivo@gmail.com,"Rua Oscar Vieira, 1001 - Camboriú - SC",oficina/auto,https://www.instagram.com/eprcentroautomotivo/,+5547988350706
EPR oficina mecânica - serviços automotivo - elétrica e mecãnica automotiva,eprcentroautomotivo@gmail.com,"Rua Oscar Vieira, 1001 - Camboriú - SC",oficina/auto,https://www.instagram.com/eprcentroautomotivo/,+5547988350706
Laucar Oficina Mecânica Multimarcas,laucarmultimarcas@yahoo.com.br,"Avenida Santos Dumont, 1305 - Criciúma - SC",oficina/auto,https://www.laucarmultimarcas.com.br/,+55 48 3443-9030
Total Center Car,total.center.car@hotmail.com,"Rua João Pio Duarte Silva, 1491 - Florianópolis - SC",oficina/auto,,+55 48 3364 2006
Casa Grande Auto Shopping,contato@casagrandeautoshopping.com.br,"Avenida Marinheiro Max Schramm, 3325 - Florianópolis - SC",oficina/auto,https://casagrandeautoshopping.com.br,+55 48 3240-4900
Vale Parabrisas,valeparabrisas@hotmail.com,"Rodovia Augusto Hasse, 875 - Indaial - SC",oficina/auto,https://www.valeparabrisas.com.br/,+55 47 3378-0212
WD Auto Center,wdautocenter.mp@gmail.com,"Rua Maria Simão, 920 - Indaial - SC",oficina/auto,https://wdautocenter.com.br/,+55 47 3333 3631
Tasale Recuperadora,sinistro.bc@tasale.com.br,Avenida Vereador Nilo Simas - Itajaí - SC,oficina/auto,https://tasale.com.br/,+55 47 3241-6362
Maquinária Reparação Automotiva,maquinaria@maquinariabc.com.br,"Rodovia Governador Mário Covas, 3875 - Itajaí - SC",oficina/auto,https://www.maquinaria.com.br/,+55 47 3349 0693 / +55 47 98817 9412
Haas Centro Automotivo,contato@haascentroautomotivo.com.br,"Rua Jorge Czerniewicz, 42 - Jaraguá do Sul - SC",oficina/auto,http://www.haascentroautomotivo.com.br/,+55 47 3275-0712
Alfa Car Auto Elétrica,alfacar@alfacar.com.br,"Rua Tenente Antônio João, 425 - Joinville - SC",oficina/auto,http://www.alfacar.com.br,+55 47 3425-2057
Schulz Soluções Automotivas,atendimento@schulzsa.com.br,"Rua Iguaçu, 365 - Joinville - SC",oficina/auto,http://www.schulzsa.com.br,+55 47 3028 7393
Pomerode Auto Center,pomerodeautocenter@gmail.com,"Rua XV de Novembro, 964 - Pomerode - SC",oficina/auto,,+55 47 3387-2391
Eletrovel,eletrovel.vendas@gmail.com,"Rua Maria Manchen de Souza, 460 - São José - SC",oficina/auto,https://oficinamecanicasaojose.com.br/,+55 48 3247-8517
Oficina Mecânica Florianópolis,eletrovel.vendas@gmail.com,"Rua Lídio Antônio de Mattos, 10 - São José - SC",oficina/auto,,+55 48 3247 8517
Auto Elétrica Lima,contato@disksc.com.br,"Rua Euclides Marinho, 452 - Xanxerê - SC",oficina/auto,http://www.disksc.com.br/xanxere/empresa/30703-auto_eletrica_lima,+55 49 9 8821 1458
Oficina Mecânica Tambosi,,SC,oficina/auto,,+55 47 3387-4455
Martelinho de Ouro,,SC,martelinho,,
Barulho Auto Center,,SC,oficina/auto,,
Eletropossenti,,"Rua do Gramal, 326 - SC",oficina/auto,,
Volkswagen Sapema,,SC,oficina/auto,,
Vigon Peças e Serviços,,SC,oficina/auto,,
Raupp Car,,SC,oficina/auto,,+55 48 3533 1715
Mecânica Junges,,SC,oficina/auto,,
Bacana Auto Mecanica,,SC,oficina/auto,,+55 47 3026 1425
PJ Kar,,SC,oficina/auto,,
Centro Automotivo Beira Mar Norte,,SC,oficina/auto,,
Mecânica de Veículos Pesados,,Avenida Alfredo Jacomo Scopel - SC,oficina/auto,,
Mecânica Alemãozinho,,SC,oficina/auto,,
Oficina Chinupa,,SC,oficina/auto,,
CA Auto Elétrica,,SC,oficina/auto,,
Medeiros Oficina,,SC,oficina/auto,,
Chapeamento Forster,,Rua Vereador Arthur Manoel Mariano - SC,oficina/auto,,
Márcio Oficina Mecânica,,SC,oficina/auto,,
Oficina do Italiano,,SC,oficina/auto,,
Centro Automotivo Pinheira,,SC,oficina/auto,,
Auto Elétrica Colzani,,SC,oficina/auto,,
Famicar,,SC,oficina/auto,,
Sérgio Pneus,,SC,oficina/auto,,
Penso Auto Elétrica,,SC,oficina/auto,,
Mecanica Schisleicher,,SC,oficina/auto,,
Borracharia,,SC,oficina/auto,,
Palma Peças,,SC,oficina/auto,,
Mecanica Copini,,SC,oficina/auto,,
Mecânica Bienert,,SC,oficina/auto,,
Eletro Moraes,,SC,oficina/auto,,
Mecânica Pointer,,SC,oficina/auto,,
Auto Mecânica Renato Gueths,,"Rua dos Caçadores, 1318 - SC",oficina/auto,,+55 47 3328-0036
Auto Mecânica Pitti,,Rua Bom Retiro - SC,oficina/auto,,
Mecânica Serpa,,SC,oficina/auto,,
Oficina Mecânica Socorro,,"Avenida Manoel Simão, 565 - SC",oficina/auto,,
Admol,,SC,oficina/auto,,
Retífica Irineu,,SC,oficina/auto,,
AMW Mecânica Automotiva,,SC,oficina/auto,,
RM Soluções Automotivas,,"Rua Rio Negrinho, 536 - SC",oficina/auto,,
Clóvis Automecânica,,SC,oficina/auto,,
Scala Mecânica GVN,,SC,oficina/auto,,
Auto Elétrica São Cristóvão,,SC,oficina/auto,,"+55 47 3387-3022;+55 47 99235-0225"
Auto Center Eletromecânica Ar Condicionado,,SC,oficina/auto,,
Zero Grau,,"Rodovia João Gualberto Soares, 1977 - SC",oficina/auto,,+55 48 3369-9543
Fit Stop Auto Center,,SC,oficina/auto,,
Ingleses Auto Center,,"Rodovia Armando Calil Bulos, 5346 - SC",oficina/auto,,
Oficina Dinâmica,,SC,oficina/auto,,
Auto Elétrica Bragagnolo,,SC,oficina/auto,,+55 47 3323-3237
Oficina Mecânica FM,,SC,oficina/auto,,+55 47 3052-4846
Guinchos Knopf,,SC,oficina/auto,,+55 47 3387-2972
Mecânica Ernesto,,SC,oficina/auto,,"+55 47 3338-0259;+55 47 3338-1307"
Auto Mecânica JJ,,SC,oficina/auto,,+55 47 3338-2379
Mecânica Vargas,,SC,oficina/auto,,
Auto Mecânica Erbs,,SC,oficina/auto,,+55 47 3327-5996
Kurth Auto Center,,SC,oficina/auto,,"+55 47 3488-5621;+55 47 99996-5621"
Huller Elétrica Automotiva,,SC,oficina/auto,,+55 47 3330-3067
Scap Car,,SC,oficina/auto,,+55 47 3042-0061
Auto Kamchen,,SC,oficina/auto,,+55 47 3387-0440
RJ oficina mecânica,,SC,oficina/auto,,
Autoelétrica Celeiro,,SC,oficina/auto,,
Hampton Pintura Automotiva,,SC,pintura,,
Jean Mecânica Automotiva,,SC,oficina/auto,,+55 47 3322-0600
Auto Elétrica Grillo,,SC,oficina/auto,,+55 47 3237-1074
Oficina Castanheiro,,SC,oficina/auto,,+55 47 3273-7890
Reconcar,,SC,oficina/auto,,+55 47 3334-1249
Cobra Som Automotivo,,SC,oficina/auto,,
Centro Automotivo Wunderwald,,SC,oficina/auto,,
Auto Mecânica Maas,,SC,oficina/auto,,
Auto Mecânica Ivocar,,SC,oficina/auto,,+55 47 3288-7939
Kurth Auto Mecânica,,SC,oficina/auto,,+55 47 99996-5621
Mecânica Colombo,,SC,oficina/auto,,
Renova Car,,SC,oficina/auto,,
Mecânica Cristiano,,SC,oficina/auto,,
Reauto Multimarcas,,SC,oficina/auto,,
Batista Chapeação,,SC,oficina/auto,,
GT Mecânica,,SC,oficina/auto,,
Auto Elétrica Selmo,,SC,oficina/auto,,+55 47 3387-2343
Radiadores Itoupava,,SC,oficina/auto,,"+55 47 3338-0304;+55 47 3338-0350"
Artur Klug Mecânica Multimarcas,,SC,oficina/auto,,
Veracruz Mecânica,,SC,oficina/auto,,+55 47 3323-1922
Motor Power Mecânica e Preparação,,SC,oficina/auto,,+55 47 99942-2981
Auto Mecânica Nova República,,SC,oficina/auto,,"+55 47 99980-2657;+55 47 3340-0760"
Refricar Ar Automotivo,,SC,oficina/auto,,+55 47 3322-2896
Vila Auto Care,,SC,oficina/auto,,+55 47 3019-0808
Auto Mecânica Arno,,SC,oficina/auto,,+55 47 3327-7271
Mecânica Pein,,SC,oficina/auto,,
Auto Elétrica Abatti,,"Avenida Comendador Selvino Caramori, 1420 - SC",oficina/auto,,+55 49 3567-4251
Autotec Oficina Mecânica,,SC,oficina/auto,,+55 47 3234-4611
Chefe do Óleo,,SC,oficina/auto,,+55 47 3339-4060
Mecânica Marchi,,SC,oficina/auto,,+55 47 3306-6885
Elétrica Mecânica Andrade,,SC,oficina/auto,,+55 47 98720-8962
Eletro Mecânica Nelson,,SC,oficina/auto,,+55 47 3338-1292
Auto Elétrica e Baterias D'Luz,,SC,oficina/auto,,"+55 47 3323-8223;+55 47 99178-9876"
Mecânica Barbosa,,SC,oficina/auto,,
Martelinho de Ouro Célio,,SC,martelinho,,+55 47 99221-9926
Boy Trevo,,SC,oficina/auto,,
Global Car Service,,SC,oficina/auto,,+55 47 3304-7428
Boutique do Óleo,,SC,oficina/auto,,+55 47 3080-0405
Auto Peças Bicauto,,SC,oficina/auto,,+55 47 3387-2874
Mecânica Juliano,,SC,oficina/auto,,
Bruno Escapamentos,,"Rua 12 de Junho, 201 - SC",oficina/auto,,
JR Car Service,,SC,oficina/auto,,+55 47 3237-1777
Auto Elétrica Precisão,,SC,oficina/auto,,
Pickup Car,,SC,oficina/auto,,+55 47 98819-1648
ARV Gás,,SC,oficina/auto,,+55 47 3323-0044
Jaime Pinturas Automotivas,,SC,pintura,,+55 47 3378-5181
Auto Mecânica Quatro Rodas,,SC,oficina/auto,,+55 47 3325-1698
Mecânica Renato,,SC,oficina/auto,,+55 47 3329-2261
Mecânica auto car,,SC,oficina/auto,,
Ganso,,SC,oficina/auto,,
Chapeação lede,,SC,oficina/auto,,
Latoaria e Pintura Rocha,,SC,pintura,,+55 47 99257-2985
Mbox Automotiva,,SC,oficina/auto,,+55 47 99276-7267
Auto Elétrica Oeste,,SC,oficina/auto,,+55 47 3232-0232
Alce mecânica,,SC,oficina/auto,,
Rodocenter,,SC,oficina/auto,,
Chapeação Dalai,,SC,oficina/auto,,
Teske Motors,,SC,oficina/auto,,+55 47 3387-0306
Mai Auto,,SC,oficina/auto,,
Mecânica BR,,SC,oficina/auto,,
Mecânica industrial,,SC,oficina/auto,,
Center Cura,,SC,oficina/auto,,
Auto Elétrica Pacheco,,SC,oficina/auto,,
Nene Auto Serviço,,SC,oficina/auto,,
TC Mecânica Automotiva,,"Rua Bahia, 6431 - SC",oficina/auto,,+55 47 3019-0299
Retífica de Motores Motorfort,,SC,oficina/auto,,
Motors by Pericles,,SC,oficina/auto,,+55 47 3327-2852
Mecânica União,,SC,oficina/auto,,+55 47 3323-1493
Bino Latoaria,,SC,oficina/auto,,
Mecânica Blu Salto,,SC,oficina/auto,,+55 47 3327-5698
Carlos,,SC,oficina/auto,,+55 48 3244-6620
Neno Car,,SC,oficina/auto,,
Carlos Lataria e Pintura,,SC,pintura,,
Herik's Auto Capa,,SC,oficina/auto,,+55 47 99287-5629
Átrio Mecânica Automotiva,,SC,oficina/auto,,
Tecno Auto Ar,,SC,oficina/auto,,+55 47 3323-4259
Perfect Car,,SC,oficina/auto,,+55 47 3323-4259
Oficina Henrique,,SC,oficina/auto,,+55 47 3325-2012
Tojo Car,,SC,oficina/auto,,+55 47 3326-1430
Auto Elétrica Sabugo,,SC,oficina/auto,,
Chapeação e Pintura Luiz,,SC,pintura,,+55 51 9 8625 4432
Shopping Car,,SC,oficina/auto,,
Eletro Oficina Jaraguá,,SC,oficina/auto,,+55 47 3275 3480
Auto Mecânica Inje Power Chip,,SC,oficina/auto,,+55 47 3275 3859
Demicar,,SC,oficina/auto,,+55 47 3371 5057
Formiga Car,,SC,oficina/auto,,+55 47 3275 0400
Ômega Som,,SC,oficina/auto,,+55 47 3371 8973
Chevro- Auto Mecânica Multimarcas,,SC,oficina/auto,,+55 47 3372 3936
Auto Center Grah,,SC,oficina/auto,,+55 47 3371 5354
Só portas,,SC,oficina/auto,,+55 47 3275 6655
Auto Eletrica Bridi,,SC,oficina/auto,,+55 47 3370-2103
Gemac Auto Center,,SC,oficina/auto,,+55 47 98436-0567
Tomaselli Oficina,,SC,oficina/auto,,+55 47 3370 9478
Troca de Óleo Premium,,SC,oficina/auto,,+55 47 3370 4911
Auto Elétrica São Luiz,,"Rua Valdir José Manfrini, 285 - SC",oficina/auto,,+55 47 3084-6004
Stalo,,SC,oficina/auto,,+55 47 3322-0040
Pool Car Auto Pintura,,SC,pintura,,+55 47 3336-3726
Tite Chapeação e Pintura,,SC,pintura,,
Bom Ar,,SC,oficina/auto,,
EletroMecânica A.G.R,,SC,oficina/auto,,
Mecânica APM,,SC,oficina/auto,,
Auto Elétrica Elicar,,SC,oficina/auto,,
Dú Som,,SC,oficina/auto,,
Guber Auto Center,,SC,oficina/auto,,
RB Mecânica Automotiva,,SC,oficina/auto,,+55 47 3323-3527
Kiasiauto,,SC,oficina/auto,,+55 47 3338-0576
Ferreira & Korte,,SC,oficina/auto,,+55 47 3288-4939
AMGI. Oficina de Implementos Agrícolas,,SC,oficina/auto,,
Maecânica Martoni,,"Rua Dom Bosco, 1360 - SC",oficina/auto,,
Auto Elétrica Nova,,SC,oficina/auto,,+55 47 3323-4360
Auto Mecânica Felipe,,SC,oficina/auto,,
RJ Automotiva,,SC,oficina/auto,,+55 47 3339-7180
Auto Mecânica Provensi,,SC,oficina/auto,,
Auto Mecânica RNC,,SC,oficina/auto,,
Auto Power,,SC,oficina/auto,,
Carneiro Auto Center,,SC,oficina/auto,,+55 47 3052-4109
Eletriar Auto Elétrica,,SC,oficina/auto,,+55 47 3338-6546
Alonso Oficina Mecânica,,SC,oficina/auto,,"+55 47 3285-7857;+55 47 99249-9846"
Mecânica Rodar,,SC,oficina/auto,,
JP Serviços Automotivos,,SC,oficina/auto,,
Auto Mecânica Piske,,SC,oficina/auto,,
Brais Reparação Automotiva,,Rua Guairacá - SC,oficina/auto,,
A3 Recuperadora,,SC,oficina/auto,,
Scholze Automecânica,,SC,oficina/auto,,
Auto Mecânica AD,,SC,oficina/auto,,
Ramos Car Service,,SC,oficina/auto,,+55 47 3330-0007
Diego Film,,SC,oficina/auto,,+55 47 3042-1404
Fabios Mecânica,,SC,oficina/auto,,+55 47 3212-6378
Eco Auto Car,,SC,oficina/auto,,
MC Auto Mecânica,,SC,oficina/auto,,+55 47 3339-6499
Retokcar,,SC,oficina/auto,,+55 47 3387-3512
Autoelétrica São Cristóvão,,SC,oficina/auto,,
Vidrocar Auto Vidros e Parabrisas,,"Rua João Zunino Neto, 186 - SC",oficina/auto,,
Chapeação Branbila,,SC,oficina/auto,,
Container Óleo,,Avenida Atílio Fontana - SC,oficina/auto,http://containeroleo.com.br/,+55 49 3340 0100
Dani's Car Chapeação,,SC,oficina/auto,,
Jeff Estética Automotiva,,SC,oficina/auto,,
Portinari,,"Rua Rudy Arnaldo Hintz, 1138 - SC",oficina/auto,,
R-Sul Centro Automotivo,,SC,oficina/auto,,
Mecânica Kleemann,,SC,oficina/auto,,
Falcão Escapamentos,,"Rua Santos Saraiva, 2206 - SC",oficina/auto,,
Carlinhos Transmissão Automática,,100 - SC,oficina/auto,,
Auto Mecânica Elisbão,,SC,oficina/auto,,+55 47 3395-1852
Paulista,,SC,oficina/auto,,
H Lida Multimarcas,,SC,oficina/auto,,
Rancho do Óleo,,"Avenida Adolfo Konder, 2190 - SC",oficina/auto,,
Casagrande,,SC,oficina/auto,,
Celito Auto Elétrica,,"Rua Bernardo Gesing, 50 - SC",oficina/auto,,
Mecânica Canci,,SC,oficina/auto,,
Garagem da Prefeitura,,SC,oficina/auto,,
Prime Mecânica,,SC,oficina/auto,,
Auto Mecânica Bonatti,,"Rua Bahia, 374 - SC",oficina/auto,,+55 47 3382-1373
AllanCar Mecânica,,"Rua Joaquim Francisco de Paula, 965 - SC",oficina/auto,,+55 47 3084-5555
CarPro,,SC,oficina/auto,,
JLR,,SC,oficina/auto,,
Mecânica e Elétrica Dois Amigos,,SC,oficina/auto,,
Keepcar,,SC,oficina/auto,,
LN Parabrisas,,SC,oficina/auto,,
Mecânica Kitz,,SC,oficina/auto,,+55 47 3633-5799
Stop Car,,SC,oficina/auto,,
Marcos Estética Automotiva,,SC,oficina/auto,,
Auto Elétrica Rogério,,SC,oficina/auto,,
Mecânica Levamar,,Rua Santa Cruz - SC,oficina/auto,,+55 49 3636 1004
Magrão,,SC,oficina/auto,,
Auto elétrica VOSS,,SC,oficina/auto,,"+55 47 99177-6215;+55 47 3333-3396"
KM Center,,SC,oficina/auto,,+55 47 3017-8920
Polaco Oil Center,,SC,oficina/auto,,+55 47 3275-4270
Luan Auto Center,,SC,oficina/auto,,
Auto Center Mantova,,Rua Humberto Mazzolli - SC,oficina/auto,,+55 47 98434-1715
Rodrigo Auto Mecânica,,SC,oficina/auto,,
Oficina do Zico,,SC,oficina/auto,,+55 47 3653-1606
Jonas Oficina Mecânica,,SC,oficina/auto,,
2M Eletromecânica,,SC,oficina/auto,,+55 47 98908-9420
O Ponto do Óleo,,"Rua Joinville, 329 Frente - SC",oficina/auto,,
Cris Auto Center,,SC,oficina/auto,,
Agendacar Auto Motors,,"Rua Lino Philippe, 108 Térreo - SC",oficina/auto,,
Trucar,,SC,oficina/auto,,
Fontana Chapeação,,SC,oficina/auto,,+55 47 99293-6033
DL Auto Mecânica,,SC,oficina/auto,,+55 47 99248-4631
Mecânica Della Justina,,SC,oficina/auto,,
Edu Oficina Mecânica,,SC,oficina/auto,,
Bracht Auto Center,,"Rua Padre Luiz Froener, 81 - SC",oficina/auto,,+55 49 3636 1465
Bracht Chapeação e Pintura,,Rua Santa Cruz - SC,pintura,,
Mecânica do Maia,,Estrada Geral Fortaleza - SC,oficina/auto,,+55 49 3195 1150
Oficina D'rios,,SC,oficina/auto,,
Titon Auto Center,,SC,oficina/auto,,
Dunalub Autocenter,,SC,oficina/auto,,
Tecnocar Oficina Mecânica,,SC,oficina/auto,,
Indaial Escapamentos,,SC,oficina/auto,,
DJ Car,,SC,oficina/auto,,
Limberger Auto Peças,,SC,oficina/auto,,
NH Centro Automotivo,,"Rua Rio Grande, 81 - SC",oficina/auto,,+55 49 99927 9369
Mecânica Welchen,,Rua São Cristóvão - SC,oficina/auto,,
Autotec Garage,,SC,oficina/auto,,
Moratelli,,SC,oficina/auto,,
Street Car Estética Automotiva,,"Rua Comandante Moreira, 1060 - SC",oficina/auto,,+55 48 991726943
Mecânica Gasparetto,,SC,oficina/auto,,
Auto Elétrica Dalmaso,,SC,oficina/auto,,+55 47 99682-1012
Mecânica SF,,SC,oficina/auto,,
Werle Chapeação e Pintura,,"Rua Itu, 35 - SC",pintura,,+55 49 99926 9168
Gebien Custom,,SC,oficina/auto,https://gebien.com.br,+55 47 3327-0759
Banana Film,,SC,oficina/auto,,+55 47 3327-4247
Mecânica França,,"Avenida Leopoldo Sander, 1651 - SC",oficina/auto,,
Zip Gás,,SC,oficina/auto,,
Mecânica Zanella,,SC,oficina/auto,,"+55 47 99162-8092;+55 47 99720-5134"
Mecânica KR,,SC,oficina/auto,,
2M Pintura Automotiva,,SC,pintura,,+55 47 99191-8026
Mecânica Dirceu,,SC,oficina/auto,,
Auto Mecânica Jair,,SC,oficina/auto,,+55 47 3330-4086
Cunhados Truck Center,,SC,oficina/auto,,+55 47 3248-5588
Oficina Mecânica Alto Giro,,SC,oficina/auto,,
Auto Elétrica Maneca,,SC,oficina/auto,,+55 47 99172-6907
Cirilus Car Latoaria e Pintura,,SC,pintura,,+55 47 99635-1908
Bravu's,,SC,oficina/auto,,+55 47 99154-0587
Auto Elétrica Caçadores,,SC,oficina/auto,,+55 47 98868-0985
Marchi Serviços Automotivos,,SC,oficina/auto,,+55 47 3306-6885
Auto Mecânica LL,,Rua Ernesto Lessmann - SC,oficina/auto,,+55 47 3271-4322
Mecânica Rasch,,Rua Santa Cruz - SC,oficina/auto,,
Oficina Ademir Hornburg,,SC,oficina/auto,,+55 47 3387-0791
Souzzacar,,SC,oficina/auto,,+55 47 3324-4860
Mecânica Dalla Vecchia,,SC,oficina/auto,,+55 49 3623 1128
Auto Mecânica Alves,,SC,oficina/auto,,+55 47 98832-8284
Auto Elétrica Domasa,,SC,oficina/auto,,+55 47 3330-0976
JetOil,,Rua Santa Catarina - SC,oficina/auto,,
Mecânica Bons Amigos,,SC,oficina/auto,,+55 47 3323-3450
Torken Group,,SC,oficina/auto,,
Auto Elétrica Bonatti,,SC,oficina/auto,,+55 47 2204-2558
Mago do Frio,,SC,oficina/auto,,
Alfredinho Auto Mecânica,,SC,oficina/auto,,
DJ Auto Mecânica,,SC,oficina/auto,,+55 47 3306-2188
Chapeação,,"Rua Mário Bordignon, 183 - SC",oficina/auto,,
Molas Ararangua,,Alameda Ascendino Moraes de Sá - SC,oficina/auto,,
Vale Auto Pintura,,SC,pintura,,
Mecânica Borges,,Rua Hipólito Henrique Pfleger - SC,oficina/auto,,+55 48 3066 1211
Área 47 Pintura Automotiva,,SC,pintura,,+55 47 98445-5911
Mecânica do Barba,,SC,oficina/auto,,
Abreu Baterias,,Rua Santana - SC,oficina/auto,,+55 48 3245 2897
Auto Car Mecânica Multimarcas,,SC,oficina/auto,,
Pintura de Veículos Luli,,SC,pintura,,
DuSom Automotivo,,Rua Eliane Mota - SC,oficina/auto,,+55 48 3246 1697
Auto Mecânica Silva,,SC,oficina/auto,,+55 47 3052-4472
FG Serviços Automotivos,,SC,oficina/auto,,
Liberté Auto Center,,SC,oficina/auto,,
Armazém do Óleo,,Rua Santos Saraiva - SC,oficina/auto,,
Stetcar Auto Som,,"Rua Roberto Ziemann, 2940 - SC",oficina/auto,,+55 47 3373-2095
Original Lanternagem e Pintura,,SC,funilaria,,+55 47 3325-2744
Auto Elétrica JMS,,SC,oficina/auto,,+55 47 99212-6961
Beto Latoaria,,SC,oficina/auto,,+55 47 3232-1001
Rota 66 Som,,SC,oficina/auto,,
Caibi Inspeçōes,,SC,oficina/auto,,
DL Autocenter,,SC,oficina/auto,,
Auto Elétrica Ewald,,SC,oficina/auto,,+55 47 93381-5666
Pista Car,,SC,oficina/auto,,
Mecânica Maneca,,SC,oficina/auto,,+55 47 3423-6806
Ismael Auto Center,,SC,oficina/auto,,
JP Pneus,,SC,oficina/auto,,
Auto Mecânica Pimenta,,SC,oficina/auto,,
Tecnauto,,SC,oficina/auto,,
Kiko Pinturas,,SC,pintura,,+55 47 3387-3767
Auto Center Vitória,,SC,oficina/auto,,
Haas,,SC,oficina/auto,,+55 47 98406-3463
BVT Mecânica,,SC,oficina/auto,,
Mecânica Booss,,SC,oficina/auto,,
Tarumá Auto Elétrica,,SC,oficina/auto,,
Mecânica Simonês,,SC,oficina/auto,,
MSF Auto Center,,SC,oficina/auto,,
SM Motors,,SC,oficina/auto,,
Edu Ar-condicionados,,SC,oficina/auto,,
Lubrificare,,SC,oficina/auto,,
Vitrine do Óleo,,SC,oficina/auto,,
Anildo Escapamentos,,SC,oficina/auto,,
Esteticar,,SC,oficina/auto,,
Marques Auto Center,,SC,oficina/auto,,
Rocha Mecanica e Geometris,,"Rua Cândido Pereira dos Anjos, 1235 - SC",oficina/auto,,+55 48 3238 1624
Unikha Automotiva,,"Rua Pomerode, 508 - SC",oficina/auto,,
Car Tech,,SC,oficina/auto,,
Auto Elétrica Couto,,SC,oficina/auto,,
Auto Mecânica Samar,,Rua Primeiro de Maio - SC,oficina/auto,,
Vipcar Auto Mecânica,,SC,oficina/auto,,
Mecânica Import Car,,Avenida Nereu Ramos - D - SC,oficina/auto,,
Mecânica N. D.,,Rua Amazonas - E - SC,oficina/auto,,+55 49 3322 0827
Cleison Reparos Automotivos,,SC,oficina/auto,,+55 49 98406 3731
Mecânica Knapp,,SC,oficina/auto,,
Mecânica Petry,,"Avenida Gilberto Comandolli, 50 - SC",oficina/auto,,
Mecânica Tiradentes,,SC,oficina/auto,,
Mecânica 3 de Maio,,SC,oficina/auto,,
L.F. Caminhões,,Acesso Plínio Arlindo de Nês - SC,oficina/auto,,
Auto Elétrica Tenente,,SC,oficina/auto,,
Auto Mecânica Vila Tomio,,"Rua da Glória, 1111 - SC",oficina/auto,,+55 47 3324 0102
Shell Helix,,SC,oficina/auto,,
Premier System,,SC,oficina/auto,,
Htech Power Motors,,SC,oficina/auto,http://www.htechpowermotors.com.br,
Destak,,SC,oficina/auto,,
DPaschoal,,"Avenida Mauro Ramos, 156 - SC",oficina/auto,,
Auto Center Gomes,,SC,oficina/auto,,
Auto Elétrica Jaraguá,,"Rua Ayres Gama, 78 - SC",oficina/auto,,+55 47 3322-4938
TSK Multimarcas,,"Rua 7 de Setembro, 2425 - SC",oficina/auto,,+55 47 3326-0646
Mecânica Baumann,,SC,oficina/auto,,
Borchers,,Rua João Wiest Júnior - SC,oficina/auto,,
Auto Elétrica Chará,,SC,oficina/auto,,
Latoaria Maringá,,SC,oficina/auto,,
Eletromecânica Ideal,,"Rua Theodoro Holtrup, 374 - SC",oficina/auto,,
Mecânica do Casa,,Acesso Ernani Sander - SC,oficina/auto,,
Franco Parachoques,,SC,oficina/auto,,
Vanio Diesel,,"Rua Doutor Pedro Zimmermann, 9745 - SC",oficina/auto,,+55 47 3380-5131
Eletro Buratto,,SC,oficina/auto,,
Nilson,,"Rua Luis Chiodini, 260 - SC",oficina/auto,,
Auto Mecânica Alternativa 5,,"Rua Alberto João Soares, 45 - SC",oficina/auto,,+55 47 3035-5812
Oficina Mecânica Real,,SC,oficina/auto,,
Oficina do Vado,,SC,oficina/auto,,
Mecânica Ideal,,"Rua Germano Niehues, 387 - SC",oficina/auto,,
Edgás Convertedora GNV,,"Rua 2 de Setembro, 3908 - SC",oficina/auto,,+55 47 3037-2327
Bastos Latoaria e Pintura,,SC,pintura,,
Auto Mecânica Perazza,,SC,oficina/auto,,
G3 Mecânica Multimarcas,,"Rua Francisco Vahldieck, 661 - SC",oficina/auto,,
Auto Elétrica e Mecânica Alemão,,SC,oficina/auto,,
Mecânica RR,,SC,oficina/auto,,
Auto Elétrica Center,,SC,oficina/auto,,
Oficina do Vidal,,SC,oficina/auto,,
Careca Competições,,SC,oficina/auto,,
Miro Autocar,,SC,oficina/auto,,"+55 47 3363-8357;+55 47 99951-8703"
Mecânica Galvane,,"Rua XV de Novembro, 40 - SC",oficina/auto,,
Fabiano Máquinas Oficina Mecânica,,"Rua XV de Novembro, 234 - SC",oficina/auto,,
Carlos Chapeação e Pintura,,"Avenida Nicolau Gesing, 268 - SC",pintura,,
Teló Auto Elétrica,,"Rua João Wessler, 515 - SC",oficina/auto,,
Auto Elétrica Gílson,,"Rua Francisco Buss, 200 - SC",oficina/auto,,
Autocar Peças e Acessórios,,"Rua Luiz Abry, 1551 - SC",oficina/auto,,+55 47 3387-2448
Rm Motors Mecânica e Auto Elétrica,,"Rua Irineu Bornhausen, 102 - SC",oficina/auto,,
Indy Auto Center,,"Rua das Missões, 1125 - SC",oficina/auto,,
Pépo Ar Automotivo,,"Rua das Missões, 1111 - SC",oficina/auto,,
Auto Mecânica Rio Cerro,,SC,oficina/auto,,+55 47 3376-1607
Auto Mecânica São Martinho,,SC,oficina/auto,,
Mecânica Bagio,,Avenida Leopoldo Sander - SC,oficina/auto,,
LubService,,SC,oficina/auto,,
Clide,,SC,oficina/auto,,
Original Auto Center,,SC,oficina/auto,,
Real Auto Elétrica,,"Rua Paraíba, 381 - SC",oficina/auto,,+55 47 99985-0837
Chapeação e Pintura Rossetti,,"Estrada Blumenau, 250 - SC",pintura,,
Mecânica Taboão,,Estrada Blumenau - SC,oficina/auto,,
Parma Baterias,,SC,oficina/auto,,
Auto Mecânica Magrão,,"Rua Luiz Abry, 2993 - SC",oficina/auto,,"+55 47 3395-0892;+55 47 99992-4460"
Autocenter Águas Claras,,SC,oficina/auto,,
Gaspauto Elétrica,,SC,oficina/auto,,
AJcar,,SC,oficina/auto,,+55 47 3378-2444
SD Diesel Mecânica,,SC,oficina/auto,,
Oficina do Carro,,"Rua 7 de Setembro, 169 - SC",oficina/auto,,
Auto Mecânica Oregon,,SC,oficina/auto,,
Auto Mecânica Araranguá,,"Rua Murici, 56 - SC",oficina/auto,,
Eder Pintura Automotiva,,"Rua Theodoro Pereira, 87 - SC",pintura,https://ederpintura.com.br/,+55 47 3322-4331
Auto Mecânica e Latoaria WS,,"Rua Testo Alto, 3179 - SC",oficina/auto,,+55 47 3395-1633
Trok Escapamentos,,"Rua Almirante Tamandaré, 1731 - SC",oficina/auto,,
JR Auto Mecânica,,SC,oficina/auto,,
Márcio Motos,,SC,oficina/auto,,
DNF Auto Car,,SC,oficina/auto,,
Auto Elétrica Róbson Polaco,,SC,oficina/auto,,
Nunes Auto Center,,SC,oficina/auto,,
Jocé Mecânica,,SC,oficina/auto,,
Mecânica Continente,,Rua Araci Vaz Callado - SC,oficina/auto,,
Graxa Auto Mecânica,,SC,oficina/auto,,
Topo Pintura,,SC,pintura,,
Auto Elétrica Duarte,,SC,oficina/auto,,
Latoaria Wunderwald,,SC,oficina/auto,,+55 47 3387-3128
Autoelétrica Róbsom,,SC,oficina/auto,,
Inovar Restauração de Volante,,SC,oficina/auto,,
Richard Auto Car,,SC,oficina/auto,,+55 48 3623 0126
Miro Auto Mecânica,,SC,oficina/auto,,
Luiz Oliveira,,SC,oficina/auto,,
Lataria & Cia,,SC,oficina/auto,,+55 48 3623 0481
Oficina do Bento,,SC,oficina/auto,,
Gilberto Funilaria e Pintura,,SC,funilaria,,
Nildo Auto Elétrica,,SC,oficina/auto,,
Flex Reparação Automotiva,,SC,oficina/auto,,
Zé Paraná,,SC,oficina/auto,,
Borges Auto Mecânica,,SC,oficina/auto,,+55 48 3623 0466
Mecânica Oliveira,,SC,oficina/auto,,
Mecânica Irmãos Cé,,"Rua Quintino Bocaiúva, 598 - SC",oficina/auto,,+55 47 3353-1618
Mecânica Atlanticar,,SC,oficina/auto,,
DM Motors,,"Rua Vidal Ferreira, 1665 - SC",oficina/auto,,
Pomercar,,"Rua Pomerânia, 218 - SC",oficina/auto,,+55 47 3387-1236
Biondo Auto Elétrica,,Avenida Atílio Fontana - SC,oficina/auto,,+55 49 3328 6960
Rio Auto Center,,"Avenida Atílio Fontana, 2747 - SC",oficina/auto,,+55 49 3328-3775
Subzero Motorsport,,"Rua Presidente Costa e Silva, 2434 - SC",oficina/auto,,+55 47 3387-6556
Mercado do Óleo,,"Avenida Madre Benvenuta, 1630 - SC",oficina/auto,http://www.mercadodooleo.net.br/,+55 48 3024-5500
Ímola Centro Automotivo,,SC,oficina/auto,,
Oficina Imperatriz,,SC,oficina/auto,,
Mecânica,,SC,oficina/auto,,
Cargo Berg,,SC,oficina/auto,,
MM Mecânica,,"Rua Moura, 467 - SC",oficina/auto,,+55 48 3240-3944
Dominski e Fortuna Posto de Molas,,SC,oficina/auto,,
Chapeação Leite,,SC,oficina/auto,,
Zanis,,Rua 7 de Setembro - SC,oficina/auto,,
TRATORTEC,,"SC-350, 1589 - SC",oficina/auto,,+55 47 9 9119 8061
K2 PNEUS,,SC,oficina/auto,,
K & K Pneus,,SC,oficina/auto,,+55 47 3524 0889
Mecânica e Chapeação Franzen,,SC,oficina/auto,,
Auto Elétrica do Polenta,,"Rua 7 de Setembro, 1181 - SC",oficina/auto,,
Tratocar,,"Rua 7 de Setembro, 690 - SC",oficina/auto,,
Mundial Auto Center Efapi,,"Rua João Tormem, 99E - SC",oficina/auto,,+55 49 3329 5876
Maquinaria,,"Avenida Governador Ivo Silveira, 38 - SC",oficina/auto,https://maquinaria.com.br/,
Auto Elétrica Ernani,,"Alameda Aristiliano Ramos, 1266 - SC",oficina/auto,,
Mecânica RS Multimarcas,,"Alameda Aristiliano Ramos, 1960 - SC",oficina/auto,,
Hidraucar Direção Hidráulica,,"Alameda Aristiliano Ramos, 2165 - SC",oficina/auto,,
Oficina Maiochi Chapeação e Pintura,,"Alameda Aristiliano Ramos, 2165-A - SC",pintura,,
Santos Martelinho de Ouro,,"Rua Dom Bosco, 1557 - SC",martelinho,,
Mecânica Mario Baldassari,,"Travessa Radialista Nílton Novaes, 25 - SC",oficina/auto,,
Auto Elétrica Zamban,,Avenida Oscar Barcelos - SC,oficina/auto,,
Flex Car,,SC,oficina/auto,,
Mecânica Testoni,,"Rua Prefeito Wenceslau Borini, 2408 - SC",oficina/auto,,
Amortecedores Puff,,"Estrada Blumenau, 1945 - SC",oficina/auto,,
Mecânica Jair,,SC,oficina/auto,,
MM Auto Centre,,"Rua Waldemar Ouriques, 799 - SC",oficina/auto,,
Recuperadora Riosulense,,"Rua 13 de Agosto, 272 - SC",oficina/auto,https://recuperadora-riosulense-ltda-me.negocio.site/,
Chapeação e Pintura JA,,"Rua Dom Bosco, 1557 - SC",pintura,,
Mestre Serviços Automotivos,,"Rua Dom Bosco, 801 - SC",oficina/auto,,
Oficina Mecânica Álvaro,,"Rua XV de Novembro, 1010 - SC",oficina/auto,,
Mecânica HT,,"Rua XV de Novembro, 1872 - SC",oficina/auto,http://www.htimportados.com.br,
Mecânica E-Box,,"Estrada Boa Esperança, 241 - SC",oficina/auto,,
Mecânica Passig,,"Rua Alfredo Viebrantz, 113 - SC",oficina/auto,,
Auto Mecânica Chapecó,,"Rua João Ledra, 203 - SC",oficina/auto,,
Pro Ar Auto Elétrica,,"Rua Dom Pedro II, 181 - SC",oficina/auto,,
SCA Pneus e Rodas,,"Rua Dom Pedro II, 985 - SC",oficina/auto,https://www.scapneuserodas.com.br,
Equipe Auto Elétrica,,SC,oficina/auto,,
Mecânica Servicar,,SC,oficina/auto,,
Chapolin Pintura Automotiva,,"Rua Luiz Abry, 2370 - SC",pintura,,
Troca de Óleo,,SC,oficina/auto,,
Auto Mecânica Nano,,Rua Francisco Lanser - SC,oficina/auto,,+55 47 3339-1047
Vandiesel,,SC,oficina/auto,,
Pequenos Reparos,,SC,oficina/auto,,
Mecânica 3M,,"Rua Graciosa, 1290 - SC",oficina/auto,,
Casa dos Freios,,"Praça Paulo Schlemper, 4 - SC",oficina/auto,,
Rodar Mecânica Multimarcas,,"Rua Santos Saraiva, 1574 - SC",oficina/auto,,
Auto Elétrica Muller,,Rua Leopoldo Broering - SC,oficina/auto,,
Box 7,,"Rua Doutor Oswaldo Neves Espíndola, 583 - SC",oficina/auto,,
Mecânica São Cristóvão,,SC,oficina/auto,,
Retifica União,,Rua Longino José Turnes - SC,oficina/auto,,
Jeep Haus,,SC,oficina/auto,,
Mecânica e Borracharia Serrano,,SC,oficina/auto,,"+55 49 99101-1424;+55 49 3232-0509"
Oficina Marquinhos,,SC-114 - SC,oficina/auto,,
D D M Auto Center,,SC,oficina/auto,,
CS Auto Elétrica,,SC,oficina/auto,,
Mecânica Bendo,,SC,oficina/auto,,
Oficina Raimundo,,SC,oficina/auto,,
Pia Car,,SC,oficina/auto,,
Mustang Reparação Automotiva e Peças,,SC,oficina/auto,,
LM Hidráulicos,,"BR-470, 8955 - SC",oficina/auto,,
Auto Center Maravilha,,SC,oficina/auto,,
RPM Pneus - Filial Maravilha,,SC,oficina/auto,,
Jaciara Implementos Rodoviários,,Rua São Francisco - SC,oficina/auto,,
Gilcar,,SC,oficina/auto,,+55 48 3259-4751
Mecânica Sl,,"Rua Joinville, 567 - SC",oficina/auto,,
Mecânica Trucker,,SC,oficina/auto,,
Mecânica Funaro,,SC,oficina/auto,,
Rogério Auto Mecânica,,SC,oficina/auto,,+55 47 99101-5606
Centergás,,SC,oficina/auto,,
União Radiadores,,SC,oficina/auto,,
Rfort Centro Automotivo,,"Rua São Paulo, 732 - SC",oficina/auto,,+55 47 3488-5114
Carvalho Auto Mecânica,,Rodovia Aurélio Francisco Marconatto - SC,oficina/auto,,
Mecânica Bruscar,,SC,oficina/auto,,
Oficina do Celso,,SC,oficina/auto,,
Auto Mecânica RH,,705 - SC,oficina/auto,,
Roger Centro Automotivo,,3115 - SC,oficina/auto,,
Farias Oficina Automotiva,,SC,oficina/auto,,
Alfa Car Mecânica,,SC,oficina/auto,,
Suzena,,SC,oficina/auto,,
Oficina,,SC,oficina/auto,,
Grupo Autoteste,,Avenida Jorge Elias De Lucca - SC,oficina/auto,,
Mecânica Vilcar - Bosch Car Service,,SC,oficina/auto,,
Manos Autocenter,,SC,oficina/auto,,
Auto Elétrica,,SC,oficina/auto,,
Bosch Service Águia Sul,,"Rua Marcos Görresen, 1165 - SC",oficina/auto,,+55 47 3449 1515
101 Custom Garage,,Marginal da BR-101 - SC,oficina/auto,,
ACDelco Centro Automotivo,,SC,oficina/auto,,
Forte Troca deÓleo,,Rua Vinte e Cinco de Dezembro - SC,oficina/auto,,
Jral Serviçoa Automotivos Ltda,,Rua Homero de Miranda Gomes - SC,oficina/auto,,
Centro Automotivo da Barra,,Rua Altamiro Barcelos Dutra - SC,oficina/auto,,
Clubbe X Car Centro Automotivo,,"Rua Bento Francisco, 509 - SC",oficina/auto,,
RCS Trailer,,"Rua Jovita Gonçalves Freire, 28 - SC",oficina/auto,,
Garagem 306,,SC,oficina/auto,,
HF Autoparts,,SC,oficina/auto,,
Bosch Car Service Deco,,"Rua Três de Outubro, 5703 - SC",oficina/auto,,
Auto Center Blumenau,,"Rua Humberto de Campos, 299 - SC",oficina/auto,https://autocenterblumenau.com.br,+55 47 3041-1007
Marquinhos Injeção Eletrônica,,"Rua Antônio Manoel Paulino, 315 - Araranguá - SC",oficina/auto,,+55 48 3522-3388
Tino Chapeação e Pintura,,"Avenida Coronel João Fernandes, 393 - Araranguá - SC",pintura,,+55 48 99674-3320
Rey das Surdinas,,"Avenida Presidente João Goulart, 68 - Araranguá - SC",oficina/auto,,"+55 48 3522-0348;+55 48 3522-1698"
Evicar,,Rua Expedicionário Iracy Luchina - Araranguá - SC,oficina/auto,,+55 48 3524 0441
WPS Customs Oficina,,"Rua Fernando de Azevedo, 100 - Balneário Camboriú - SC",oficina/auto,,
AutoZone,,"Rua São Paulo, 1478 - Blumenau - SC",oficina/auto,https://autozone.com.br,+55 47 3513-0475
Fernando Mecânica Automotiva,,"Rua João Pessoa, 3088 - Blumenau - SC",oficina/auto,,+55 47 99178-4745
Auto Mecânica Anderlei,,"Rua Ari Barroso, 524 - Blumenau - SC",oficina/auto,,
Auto Center Chefe do Óleo,,"Rua São Paulo, 1410 - Blumenau - SC",oficina/auto,,+55 47 3322-1050
Auto Elétrica Caçadores,,"Rua Divinópolis, 496 - Blumenau - SC",oficina/auto,,+55 47 3328-4507
Latoaria Chiquinho,,"Rua Doutor Fúlvio Luz, 150 - Blumenau - SC",oficina/auto,,
Hoepers Auto Mecânica,,"Rua Engenheiro Paul Werner, 69 - Blumenau - SC",oficina/auto,,+55 47 3035-3818
Mecânica Carraro,,"Avenida Falcão, 718 - Bombas - SC",oficina/auto,,
Mecanica Carraro,,"Avenida Falcão, 718 - Bombas - SC",oficina/auto,,
Auto Center HS,,Avenida Falcão - Bombas - SC,oficina/auto,,
Mecânica Alemão,,Avenida Vereador João da Luz - Bombas - SC,oficina/auto,,
Oficina do Silvino (Alemão),,"Rua Jacob Batista Uliano, 239 - Braço do Norte - SC",oficina/auto,,
Mecânica Salomon,,Rua Barão do Rio Branco - Canoinhas - SC,oficina/auto,,
Oficina dos Gordinhos,,Rua Bernardo Olsen - Canoinhas - SC,oficina/auto,,
Eletrocar Knorek,,Rua Nery Waltrick - Canoinhas - SC,oficina/auto,,
Auto mecânica Fuck,,Rodovia Senador Luiz Henrique da Silveira - Canoinhas - SC,oficina/auto,,+55 47 98868 8378
Mecânica New Car,,Rua Borges de Medeiros - E - Chapecó - SC,oficina/auto,,
Mecânica Irmãos Tolotti,,"Rua Imperatriz Leopoldina, 62 - Chapecó - SC",oficina/auto,,
Cabeça Auto Mecânica,,"Rua Osvaldo Aranha - E, 997 - Chapecó - SC",oficina/auto,,+55 49 3322-5451
"Auto Revisa: Elétrica, Mecânica e Distr. Baterias",,"Rua Assis Brasil, 1390 - Chapecó - SC",oficina/auto,,
Mapel Comércio de Peças e Serviços,,"Rod. Plínio Arlindo de Nês, 1502D - Chapecó - SC",oficina/auto,https://mapel-sc.com.br/,+55 49 2049 6700
Rosseto Auto Center,,"R. Martinho Lutero, 1105 - Chapecó - SC",oficina/auto,,
Mecânica Nardi,,"Rua São João del Rei, 382 - Chapecó - SC",oficina/auto,,
MecCenter,,"Rua Guaporé - E, 161 - Chapecó - SC",oficina/auto,,
Garagem Full Detail,,"Rua Osvaldo Aranha - E, 1110 - Chapecó - SC",oficina/auto,,
Auto Peças Dinâmica,,"Rua Marechal Deodoro, 1287 - Concórdia - SC",oficina/auto,,+55 49 3442-4040
Oficina Mecânica Genova,,Rua Araranguá - Criciúma - SC,oficina/auto,,+55 48 34338248
Remofer do Brasil,,"Rua José Gaidzinski, 44 - Criciúma - SC",oficina/auto,,+55 48343336679
Auto Fix Center,,"Rua Santos Saraiva, 1731 - Florianópolis - SC",oficina/auto,,
Autofrio,,"Rua Santos Saraiva, 2142 - Florianópolis - SC",oficina/auto,,
Chevrotec,,"Avenida Jorge Lacerda, 581 - Florianópolis - SC",oficina/auto,,
Júlio Pneus,,"Rua Santos Saraiva, 1481 - Florianópolis - SC",oficina/auto,,
Fábio Escapamentos,,"Rua Antônio Carlos Ferreira, 92 - Florianópolis - SC",oficina/auto,,+55 48 3333-1472
Mercado do Óleo,,"Rua General Eurico Gaspar Dutra, 862 - Florianópolis - SC",oficina/auto,http://www.mercadodooleo.net.br/,+55 48 3244-5400
Mecânica e Auto Elétrica Precisão,,"Rua General Liberato Bittencourt, 1518 - Florianópolis - SC",oficina/auto,,+55 48 3248-5810
Retífica de Motores Mega Motors,,"Rua Nossa Senhora do Rosário, 604 - Florianópolis - SC",oficina/auto,,+55 48 3244-1424
Cinto de Segurança Machado,,"Rua Genuíno Pereira da Silva, 91 - Florianópolis - SC",oficina/auto,,+55 48 3240-9370
Scarduelli Retífica de Motores,,"Avenida Governador Ivo Silveira, 3519 - Florianópolis - SC",oficina/auto,,+55 48 3244-1100
Márcio Mecânica,,"Rua Vereador Batista Pereira, 484 - Florianópolis - SC",oficina/auto,,+55 48 3241-3764
All Mecânica,,"Rodovia Francisco Magno Vieira, 645 - Florianópolis - SC",oficina/auto,,
Auto Elétrica Dias,,Rua 28 de Agosto - Guaramirim - SC,oficina/auto,,
Oficina Mecanica Martinhago,,Rua José Olavo Nunes - Içara - SC,oficina/auto,,
Dapel,,BR-101 - Imbituba - SC,oficina/auto,,
Baternorte Mecânica Automotiva e Acessórios,,"Rua Marechal Deodoro da Fonseca, 2222 - Indaial - SC",oficina/auto,,
União Radiadores,,Rua Santa Luzia - Indaial - SC,oficina/auto,,+55 47 3333 1569
Unitec soluções automotivas,,Rua Santa Luzia - Indaial - SC,oficina/auto,,+55 47 98889 6687
Marechal Estética Automotiva,,"Rua Viena, 71 - Indaial - SC",oficina/auto,,
Mecânica LM,,"Rua 19 de Novembro, 430 - Indaial - SC",oficina/auto,,+55 47 98414-7273
Mega Auto Service,,"Rua Deputado Aldo Pereira de Andrade, 591 - Indaial - SC",oficina/auto,https://www.instagram.com/megaautoserviceindaial,
Indacar Auto Portas Serviços e Acessórios Automotivos,,"Rua 7 de Setembro, 770 - Indaial - SC",oficina/auto,,+55 47 3333 1426
Auto Elétrica Xande,,Rua Raul Machado - Itajaí - SC,oficina/auto,,"+55 47 3348-1947;+55 47 99997-5770"
Auto Mecânica Márcio,,Itajaí - SC,oficina/auto,,+55 47 3248-1716
Auto Elétrica Rally,,Avenida Vereador Nilo Simas - Itajaí - SC,oficina/auto,,
Recuperadora Vargas,,"Avenida Itaipava, 2883 - Itajaí - SC",oficina/auto,https://www.recuperadoravargas.com.br/,+55 47 3346-5062
Mecânica e Auto Center Taió,,"Rua Mathias Ruysan, 45 - Jaraguá do Sul - SC",oficina/auto,,+55 47 3370-4150
Auto Mecânica Prochnow,,"Rua Pastor Albert Schneider, 1000 - Jaraguá do Sul - SC",oficina/auto,,+55 47 3276-0284
Barra Auto Center,,"Rua Walter Marquardt, 2643 - Jaraguá do Sul - SC",oficina/auto,,
Auto Mecânica Minatti,,"Rua Walter Marquardt, 2556 - Jaraguá do Sul - SC",oficina/auto,,+55 47 3275-6129
Olicar Mecânica,,"Rua Presidente Epitácio Pessoa, 1411 - Jaraguá do Sul - SC",oficina/auto,,+55 47 3276-1516
Auto Mecânica Criscar,,"Rua José Leier, 458 - Jaraguá do Sul - SC",oficina/auto,,+55 47 3275-3239
ABF Auto Mecânica,,"Rua Leopoldo Veloso, 43 - Jaraguá do Sul - SC",oficina/auto,,+55 47 3371-9159
Auto Mecânica Souza,,"Rua 25 de Julho, 1566 - Jaraguá do Sul - SC",oficina/auto,,+55 47 3371-1009
Auto Mecânica Jorge,,"Rua Virgílio Pedro Rubini, 1670 - Jaraguá do Sul - SC",oficina/auto,,+55 47 3376-0444
Auto Mecânica Melchioretto,,"Rua 25 de Julho, 1715 - Jaraguá do Sul - SC",oficina/auto,,
Refri-Ar,,"Rua José Emmendoerfer, 1345 - Jaraguá do Sul - SC",oficina/auto,,+55 47 3371-7392
JC 4x4,,"Rua Eleonora Satler Pradi, 80 - Jaraguá do Sul - SC",oficina/auto,,+55 47 3275-3675
Top Car Auto Center,,"Rua Joaquim Francisco de Paula, 532 - Jaraguá do Sul - SC",oficina/auto,,+55 47 3305-7101
Ritmos,,"Rua Joaquim Francisco de Paula, 577 - Jaraguá do Sul - SC",oficina/auto,,+55 47 3275-1341
Auto Elétrica Rodocar,,"Rua Erwino Menegotti, 1640 - Jaraguá do Sul - SC",oficina/auto,,
Maier Auto Mecânica,,"Rua Manoel Francisco da Costa, 1455 - Jaraguá do Sul - SC",oficina/auto,,
Auto Elétrica Cleber,,Rua Manoel Francisco da Costa - Jaraguá do Sul - SC,oficina/auto,,+55 47 98878-0029
Elite Mecânica Automotiva,,"Rua Manoel Póvoas Filho, 35 - Jaraguá do Sul - SC",oficina/auto,,+55 47 3305-
Box Car Auto Mecânica,,"Rua Victor Rosemberg, 177 - Jaraguá do Sul - SC",oficina/auto,,+55 47 3407-1086
Box Car Lataria e Pintura,,"Rua Frederico Curt Alberto Vasel, 382 - Jaraguá do Sul - SC",pintura,,+55 47 3276-1149
Lubtech,,"Rua Walter Marquardt, 250 - Jaraguá do Sul - SC",oficina/auto,,
Dpaschoal,,"Rua Walter Marquardt, 170 - Jaraguá do Sul - SC",oficina/auto,http://auto.dpaschoal.com.br,+55 47 2106 1100
Auto Elétrica Cesar,,Rua Angelo Rubini - Jaraguá do Sul - SC,oficina/auto,,
Hidraucenter,,"Rua Pastor Ferdinand Schlunzen, 130 - Jaraguá do Sul - SC",oficina/auto,,"+55 47 3370-8806;+55 47 3370-9524"
KMK Recuperadora de motores e bombas elétricas,,"Rua 25 de Julho, 220 - Jaraguá do Sul - SC",oficina/auto,,
Auto Elétrica,,"Rua Walter Marquardt, 551 - Jaraguá do Sul - SC",oficina/auto,,
Latoaria e Pintura,,"Rua Domingos Demarchi, 81 - Jaraguá do Sul - SC",pintura,,
Kikar Auto Center,,"Rua Expedicionário Antônio Carlos Ferreira, 865 - Jaraguá do Sul - SC",oficina/auto,http://www.kikar.com.br/,+55 47 3371-0106
Mecânica SS,,"Rua Victor Rosemberg, 40 - Jaraguá do Sul - SC",oficina/auto,,+55 47 3376 5494
Allan Car,,"Rua Victor Rosemberg, 436 - Jaraguá do Sul - SC",oficina/auto,,"+55 47 3084-5555;+55 47 9156-8903"
D2 Soluções,,"Rua Bernardo Dornbusch, 1037 - Jaraguá do Sul - SC",oficina/auto,https://d2solucoes.com/,+55 47 99633 0230
Mecânica K&M,,"Rua José Fachini, 860 - Jaraguá do Sul - SC",oficina/auto,,+55 47 3370-7300
Perin Mecânica Automotiva,,"Rua Ida Bona Rocha, 101 - Jaraguá do Sul - SC",oficina/auto,,+55 47 99959-8004
Gran Car Auto Center,,"Rua Carlos Hardt, 460 - Jaraguá do Sul - SC",oficina/auto,,+55 47 3275 1920
Mecânica Vilson,,"Rua Expedicionário Ângelo Vicenzi, 350 - Jaraguá do Sul - SC",oficina/auto,,
Retífica RMS,,"Rua Londrina, 878 - Joinville - SC",oficina/auto,,
Mecânica Marcos Oliveira,,"Rua Osvaldo Antônio de Borba, 778 - Joinville - SC",oficina/auto,,+55 47 99172 1900
Só Portas Centro Automotivo,,"Rua Navegantes, 969 - Joinville - SC",oficina/auto,,+55 47 3455 2526
Auto Mecânica,,Rua Maravilha - Joinville - SC,oficina/auto,,+55 47 3426-4640
Mecânica Sul Motos,,"Rua Santa Catarina, 587 - Joinville - SC",oficina/auto,,+55 47 3436-0551
Auto Elétrica,,"Rua Papa João XXIII, 193 - Joinville - SC",oficina/auto,,"+55 47 98856 5918, +55 47 99696 8835"
Funilaria e Pintura Gil,,Rua Elias José de Sales - Joinville - SC,funilaria,,
WD Performance - Joinville,,"Rua Botuverá, 384 - Joinville - SC",oficina/auto,https://www.instagram.com/wd.performance/,+55 47 99977-3006
Oficina Mecânica Clodi,,Rua Romualdo Antônio do Pilar - Lages - SC,oficina/auto,,
Mecânica Nones,,Rua Felippe Berndt - Massaranduba - SC,oficina/auto,,
Speed Pneus,,"Rua 11 de Novembro, 4527 - Massaranduba - SC",oficina/auto,,+55 47 3379-5533
Logus Auto Elétrica,,Rua Campinas - Massaranduba - SC,oficina/auto,,
Borracharia do Passo,,Rua Macário Elias Delfino - Passo de Torres - SC,oficina/auto,,
Passo Auto Center,,"Rua Coronel João Fernandes, 214 - Passo de Torres - SC",oficina/auto,,
Auto Mecânica Collioni,,"Rua Boa Vontade, 20 - Passo de Torres - SC",oficina/auto,,
Oficina MecânicaTop Center,,"Rua Mampituba, 285 - Passo de Torres - SC",oficina/auto,,
MJ Mecânica Geral - Ar Condicionado,,"Rua Inácio Jacinto Albano, 173 - Penha - SC",oficina/auto,,+55 47 98481-0629
Elektro Auto,,"Rua Frederico Weege, 1170 - Pomerode - SC",oficina/auto,,+55 47 99178-2591
Mecânica KS,,"Rua XV de Novembro, 2219 - Pomerode - SC",oficina/auto,,+55 47 3387-2458
Funilaria e Pintura Knopf,,"Rua Pedro Knopf, 434 - Pomerode - SC",funilaria,,+55 47 3306-6608
Auto Center Guilherme,,"Avenida Governador Celso Ramos, 3011 - Porto Belo - SC",oficina/auto,,
Mecânica e Autopeças Avenida,,"Rua Juvêncio Leopoldo de Moraes, 596 - Praia Grande - SC",oficina/auto,,+55 48 3532 1754
Oficina Alcibíades,,"Rodovia Prefeito Ari Pedro Borges, 844 - Praia Grande - SC",oficina/auto,,
Chevromec Auto Mecânica,,"Rua Jacó Finardi, 1016 - Rio do Sul - SC",oficina/auto,,+55 47 3525-1054
Marzanni Vidros Automotivos,,Rua Massaranduba - Rio do Sul - SC,oficina/auto,,
Eduardo Suspensões,,"Rua João Jacinto Machado, 1120 - Santo Amaro da Imperatriz - SC",oficina/auto,,
Oficina Mecanica do João,,"Rua Santana, 4715 - Santo Amaro da Imperatriz - SC",oficina/auto,,+55 48 3245-1505
Eletrocar Auto Elétrica,,"Rua Santana, 4737 - Santo Amaro da Imperatriz - SC",oficina/auto,,+55 48 3245-2810
Renova Car,,"Rua São Sebastião, 2205 - Santo Amaro da Imperatriz - SC",oficina/auto,,
Vanderlei Molas,,"Rua Leopoldo Broering, 2655 - Santo Amaro da Imperatriz - SC",oficina/auto,,+55 48 3245-3435
NFtec Serviços Automotivos,,Servidão Zulma Becker de Freitas - Santo Amaro da Imperatriz - SC,oficina/auto,,+55 48 3220-1869
Gilmaq,,Rua Leopoldo Broering - Santo Amaro da Imperatriz - SC,oficina/auto,,+55 48 3245 1668
Beto Auto Elétrica,,"Rua Natividade, 4401 - Santo Amaro da Imperatriz - SC",oficina/auto,,+55 48 3245-2540
JP Performance,,Rua Pedro Neri Schwinden - Santo Amaro da Imperatriz - SC,oficina/auto,,
Oficina Mecânica Anitapólis,,"Rua Santana, 4897 - Santo Amaro da Imperatriz - SC",oficina/auto,,+55 48 3245-1779
Oficina Auto Peças Paulinho LTDA,,"Rua Santana,, 4938 - Santo Amaro da Imperatriz - SC",oficina/auto,,+55 48 3245-1015
Silvio Porto,,Rua Mauri Josino de Campos - Santo Amaro da Imperatriz - SC,oficina/auto,,
Auto Peças Joia,,"Rua Leopoldo Broering, 3390 - Santo Amaro da Imperatriz - SC",oficina/auto,,+55 48 3245-2045
Auto Center Coelho,,"Rua Ivo José de Souza, 119 - São José - SC",oficina/auto,,
Auto Mecânica Charles,,"Rua Jacinto Damásio, 385 - São José - SC",oficina/auto,,+55 48 99821 5133
Mogi Oficina Mecânica,,Rua Nossa Senhora Aparecida - São José - SC,oficina/auto,,
Eletro Vânio Baterias Moura,,"Rua Gerôncio Thives, 502 - São José - SC",oficina/auto,https://www.vaniobaterias.com.br/,+55 48 3240-9691
Mecânica Dias,,"Rua José Aurino de Matos, 204 - São José - SC",oficina/auto,,
Mercado do Óleo,,"Avenida Delamar José da Silva, 363 - São José - SC",oficina/auto,http://www.mercadodooleo.net.br/,+55 48 3094-5500
Freio Sabiá,,Rua Stela Girardi Casanova - Xanxerê - SC,oficina/auto,,
KM Bombas Injetoras,,"Rua Joana L. Ariente, 118 - Xanxerê - SC",oficina/auto,,
JJ Mecânica,,Rua Palmedio Giordani - Xanxerê - SC,oficina/auto,,
MA Serviços Mecânicos,,Via Marginal - Xanxerê - SC,oficina/auto,,
Mecânica Calegari,,"Rua Libero Badaró, 450 - Xanxerê - SC",oficina/auto,,